-- phpMyAdmin SQL Dump
-- version phpStudy 2014
-- http://www.phpmyadmin.net
--
-- 主机: localhost
-- 生成日期: 2016 年 04 月 30 日 11:48
-- 服务器版本: 5.5.47
-- PHP 版本: 5.2.17

SET SQL_MODE="NO_AUTO_VALUE_ON_ZERO";
SET time_zone = "+00:00";


/*!40101 SET @OLD_CHARACTER_SET_CLIENT=@@CHARACTER_SET_CLIENT */;
/*!40101 SET @OLD_CHARACTER_SET_RESULTS=@@CHARACTER_SET_RESULTS */;
/*!40101 SET @OLD_COLLATION_CONNECTION=@@COLLATION_CONNECTION */;
/*!40101 SET NAMES utf8 */;

--
-- 数据库: `mysqlznckapi`
--

-- --------------------------------------------------------

--
-- 表的结构 `api_datalist`
--

CREATE TABLE IF NOT EXISTS `api_datalist` (
  `id` int(8) unsigned NOT NULL AUTO_INCREMENT,
  `type` int(2) NOT NULL COMMENT '1网设2上传3定时',
  `uid` int(8) NOT NULL,
  `sid` varchar(3) NOT NULL,
  `nid` varchar(3) NOT NULL,
  `data` varchar(32) NOT NULL,
  `note` varchar(64) NOT NULL,
  `status` int(2) NOT NULL COMMENT '1成功2失败3超次数4超15分',
  `time` datetime NOT NULL,
  `ip` varchar(16) NOT NULL,
  `num` int(2) NOT NULL,
  PRIMARY KEY (`id`),
  KEY `uid` (`uid`),
  KEY `time` (`time`)
) ENGINE=MyISAM  DEFAULT CHARSET=utf8 AUTO_INCREMENT=257998 ;

-- --------------------------------------------------------

--
-- 表的结构 `api_device`
--

CREATE TABLE IF NOT EXISTS `api_device` (
  `id` int(8) unsigned NOT NULL AUTO_INCREMENT,
  `type` int(2) NOT NULL COMMENT '1网关3插座4电灯5红外6门窗7安防8摄像头9语音',
  `uid` int(8) NOT NULL,
  `sid` varchar(3) NOT NULL,
  `nid` varchar(3) NOT NULL COMMENT '当sid=1时，2温湿度，3pm2.5，4人体，5烟雾，6水滴',
  `data` varchar(32) NOT NULL COMMENT '0灯泡关，1灯泡开',
  `note` varchar(64) NOT NULL,
  `status` int(2) NOT NULL COMMENT '1正常2超时',
  `regdate` datetime NOT NULL,
  `lasttime` datetime NOT NULL,
  `ip` varchar(16) NOT NULL,
  `devId` int(11) NOT NULL COMMENT '灯泡设备ID',
  `irStatus` int(1) NOT NULL COMMENT '红外开关状态',
  PRIMARY KEY (`id`),
  KEY `uid` (`uid`),
  KEY `time` (`regdate`)
) ENGINE=MyISAM  DEFAULT CHARSET=utf8 AUTO_INCREMENT=3565 ;

--
-- 转存表中的数据 `api_device`
--

INSERT INTO `api_device` (`id`, `type`, `uid`, `sid`, `nid`, `data`, `note`, `status`, `regdate`, `lasttime`, `ip`, `devId`, `irStatus`) VALUES
(3552, 3, 1430, '3', '0', '0', '123', 1, '2016-03-29 21:35:11', '0000-00-00 00:00:00', '192.168.0.102', 0, 0),
(3553, 4, 1430, '4', '0', '0', '123', 1, '2016-03-29 21:42:55', '0000-00-00 00:00:00', '192.168.0.102', 0, 0),
(3554, 4, 1430, '5', '0', '0', 'd', 1, '2016-03-29 22:39:17', '0000-00-00 00:00:00', '192.168.0.102', 0, 0),
(3555, 4, 1431, '3', '0', '0', '333', 1, '2016-04-06 00:32:26', '0000-00-00 00:00:00', '171.16.1.102', 0, 0),
(3556, 4, 1431, '4', '0', '0', '321', 1, '2016-04-06 00:51:17', '0000-00-00 00:00:00', '::1', 0, 0),
(3557, 1, 1431, '1', '1', '', '网关设备', 1, '2016-04-06 00:52:26', '2014-01-01 00:00:00', '::1', 0, 0),
(3558, 1, 1431, '1', '4', '0', '人体设备', 1, '2016-04-06 19:11:28', '2014-01-01 00:00:00', '127.0.0.1', 0, 0),
(3559, 4, 1431, '5', '0', '0', '444', 1, '2016-04-20 19:51:08', '0000-00-00 00:00:00', '127.0.0.1', 0, 0),
(3560, 4, 1431, '6', '0', '0', '556', 1, '2016-04-20 19:51:19', '0000-00-00 00:00:00', '127.0.0.1', 0, 0),
(3561, 4, 1432, '3', '0', '1', '灯泡1开', 1, '2016-04-20 20:33:06', '0000-00-00 00:00:00', '127.0.0.1', 0, 0),
(3562, 4, 1432, '4', '0', '1', '灯泡2', 1, '2016-04-20 20:34:25', '0000-00-00 00:00:00', '127.0.0.1', 0, 0),
(3563, 4, 1432, '5', '0', '0', '灯泡3', 1, '2016-04-20 20:39:04', '0000-00-00 00:00:00', '127.0.0.1', 0, 0),
(3564, 4, 1436, '3', '0', '0', '智能灯泡', 1, '2016-04-24 10:54:00', '0000-00-00 00:00:00', '127.0.0.1', 1, 0);

-- --------------------------------------------------------

--
-- 表的结构 `api_member`
--

CREATE TABLE IF NOT EXISTS `api_member` (
  `uid` int(8) unsigned NOT NULL AUTO_INCREMENT,
  `username` varchar(32) NOT NULL,
  `password` varchar(32) NOT NULL,
  `subpass` varchar(32) NOT NULL,
  `level` int(2) NOT NULL,
  `status` int(2) NOT NULL,
  `subname` varchar(32) NOT NULL,
  `mobile` varchar(16) NOT NULL,
  `qq` varchar(16) NOT NULL,
  `question` varchar(64) NOT NULL,
  `answer` varchar(32) NOT NULL,
  `address` varchar(128) NOT NULL,
  `regdate` datetime NOT NULL,
  `lasttime` datetime NOT NULL,
  `apikey` varchar(16) NOT NULL,
  PRIMARY KEY (`uid`),
  UNIQUE KEY `username` (`username`)
) ENGINE=MyISAM  DEFAULT CHARSET=utf8 AUTO_INCREMENT=1439 ;

--
-- 转存表中的数据 `api_member`
--

INSERT INTO `api_member` (`uid`, `username`, `password`, `subpass`, `level`, `status`, `subname`, `mobile`, `qq`, `question`, `answer`, `address`, `regdate`, `lasttime`, `apikey`) VALUES
(1431, '123@qq.com', '202cb962ac59075b964b07152d234b70', '', 0, 1, '', '', '', '', '', '', '2016-04-06 00:32:01', '0000-00-00 00:00:00', '5f619bf9ea08f26b'),
(1432, '234@qq.com', '289dff07669d7a23de0ef88d2f7129e7', '', 0, 1, '', '', '', '', '', '', '2016-04-20 20:27:46', '0000-00-00 00:00:00', '36606a9ce5426a93'),
(1435, '', '', '', 0, 0, '', '', '', '', '', '', '0000-00-00 00:00:00', '0000-00-00 00:00:00', ''),
(1436, '2@qq.com', 'c81e728d9d4c2f636f067f89cc14862c', '', 0, 0, '', '', '', '', '', '', '0000-00-00 00:00:00', '0000-00-00 00:00:00', ''),
(1437, '130889@qq.com', 'c81e728d9d4c2f636f067f89cc14862c', '', 0, 0, '', '', '', '', '', '', '0000-00-00 00:00:00', '0000-00-00 00:00:00', ''),
(1438, '12qq.com', 'c81e728d9d4c2f636f067f89cc14862c', '', 0, 0, '', '', '', '', '', '', '0000-00-00 00:00:00', '0000-00-00 00:00:00', '');

-- --------------------------------------------------------

--
-- 表的结构 `api_number`
--

CREATE TABLE IF NOT EXISTS `api_number` (
  `nid` varchar(3) NOT NULL,
  `name` varchar(32) NOT NULL,
  `status` int(2) NOT NULL,
  `time` datetime NOT NULL
) ENGINE=MyISAM DEFAULT CHARSET=utf8;

-- --------------------------------------------------------

--
-- 表的结构 `api_species`
--

CREATE TABLE IF NOT EXISTS `api_species` (
  `type` varchar(3) NOT NULL COMMENT '1网关3插座4电灯5红外6门窗7安防8摄像头9语音',
  `name` varchar(32) NOT NULL,
  `status` int(2) NOT NULL,
  `time` datetime NOT NULL,
  PRIMARY KEY (`type`)
) ENGINE=MyISAM DEFAULT CHARSET=utf8 COMMENT='种类表';

-- --------------------------------------------------------

--
-- 表的结构 `api_status`
--

CREATE TABLE IF NOT EXISTS `api_status` (
  `id` int(10) unsigned NOT NULL AUTO_INCREMENT COMMENT '主键ID',
  `devId` int(10) unsigned NOT NULL COMMENT '设备ID',
  `uid` int(10) unsigned NOT NULL,
  `lightStatus` tinyint(4) NOT NULL,
  `irStatus` tinyint(4) NOT NULL,
  `curTime` datetime NOT NULL,
  `IP` char(16) NOT NULL,
  PRIMARY KEY (`id`)
) ENGINE=InnoDB  DEFAULT CHARSET=gbk AUTO_INCREMENT=3 ;

--
-- 转存表中的数据 `api_status`
--

INSERT INTO `api_status` (`id`, `devId`, `uid`, `lightStatus`, `irStatus`, `curTime`, `IP`) VALUES
(1, 1, 0, 2, 2, '2016-04-27 22:02:27', ''),
(2, 20, 0, 1, 1, '2016-04-27 22:05:55', '');

-- --------------------------------------------------------

--
-- 表的结构 `api_temperature`
--

CREATE TABLE IF NOT EXISTS `api_temperature` (
  `id` int(8) unsigned NOT NULL AUTO_INCREMENT,
  `type` int(2) NOT NULL COMMENT '类型',
  `uid` int(8) NOT NULL,
  `sid` varchar(3) NOT NULL,
  `nid` varchar(3) NOT NULL,
  `data` varchar(32) NOT NULL,
  `temperature` float NOT NULL,
  `humidity` float NOT NULL,
  `status` int(2) NOT NULL,
  `time` datetime NOT NULL,
  `ip` varchar(16) NOT NULL,
  PRIMARY KEY (`id`),
  KEY `uid` (`uid`),
  KEY `time` (`time`)
) ENGINE=MyISAM  DEFAULT CHARSET=utf8 AUTO_INCREMENT=846993 ;

-- --------------------------------------------------------

--
-- 表的结构 `api_timing`
--

CREATE TABLE IF NOT EXISTS `api_timing` (
  `id` int(8) unsigned NOT NULL AUTO_INCREMENT,
  `type` int(2) NOT NULL COMMENT '1时间2每天3工作4周未',
  `uid` int(8) NOT NULL,
  `sid` varchar(3) NOT NULL,
  `nid` varchar(3) NOT NULL,
  `data` varchar(32) NOT NULL,
  `note` varchar(64) NOT NULL,
  `status` int(2) NOT NULL COMMENT '1成功2失败',
  `time` datetime NOT NULL,
  `ip` varchar(16) NOT NULL,
  `num` int(2) NOT NULL,
  PRIMARY KEY (`id`),
  KEY `uid` (`uid`),
  KEY `time` (`time`)
) ENGINE=MyISAM  DEFAULT CHARSET=utf8 AUTO_INCREMENT=206 ;

--
-- 转存表中的数据 `api_timing`
--

INSERT INTO `api_timing` (`id`, `type`, `uid`, `sid`, `nid`, `data`, `note`, `status`, `time`, `ip`, `num`) VALUES
(199, 1, 1430, '4', '0', '0', '定时', 1, '2016-03-29 22:08:44', '192.168.0.102', 0),
(200, 1, 1430, '4', '0', '1', '定时', 1, '2016-03-29 21:54:00', '192.168.0.102', 0),
(201, 2, 1431, '6', '0', '1', '定时', 1, '2016-04-20 20:02:00', '127.0.0.1', 0),
(202, 0, 1431, '6', '0', '', '定时', 1, '1970-01-01 08:00:00', '127.0.0.1', 0),
(203, 1, 1436, '3', '0', '0', '定时', 1, '2016-04-24 10:54:42', '127.0.0.1', 0),
(204, 1, 1436, '3', '0', '1', '定时', 1, '2016-04-24 10:55:00', '127.0.0.1', 0),
(205, 1, 1431, '4', '0', '1', '定时', 1, '2016-04-24 11:00:23', '192.168.100.122', 0);

-- --------------------------------------------------------

--
-- 表的结构 `api_userdevice`
--

CREATE TABLE IF NOT EXISTS `api_userdevice` (
  `devId` int(11) unsigned NOT NULL AUTO_INCREMENT,
  `chipId` int(11) NOT NULL,
  `devType` varchar(10) DEFAULT NULL,
  `activeTime` datetime NOT NULL,
  PRIMARY KEY (`devId`),
  UNIQUE KEY `chipId` (`chipId`)
) ENGINE=InnoDB  DEFAULT CHARSET=gbk COMMENT='用户id和芯片id的对应表' AUTO_INCREMENT=21 ;

--
-- 转存表中的数据 `api_userdevice`
--

INSERT INTO `api_userdevice` (`devId`, `chipId`, `devType`, `activeTime`) VALUES
(19, 8444887, 'light01', '2016-04-27 21:15:30'),
(20, 1284432, 'light01', '2016-04-27 22:05:53');

-- --------------------------------------------------------

--
-- 表的结构 `api_worklist`
--

CREATE TABLE IF NOT EXISTS `api_worklist` (
  `id` int(8) unsigned NOT NULL AUTO_INCREMENT,
  `type` int(2) NOT NULL COMMENT '1网设2上传3定时',
  `uid` int(8) NOT NULL,
  `sid` varchar(3) NOT NULL,
  `nid` varchar(3) NOT NULL,
  `data` varchar(32) NOT NULL,
  `note` varchar(64) NOT NULL,
  `status` int(2) NOT NULL COMMENT '1成功2失败3超次数4超15分',
  `time` datetime NOT NULL,
  `ip` varchar(16) NOT NULL,
  `num` int(2) NOT NULL,
  PRIMARY KEY (`id`),
  KEY `uid` (`uid`),
  KEY `time` (`time`)
) ENGINE=MyISAM  DEFAULT CHARSET=utf8 AUTO_INCREMENT=65633 ;

--
-- 转存表中的数据 `api_worklist`
--

INSERT INTO `api_worklist` (`id`, `type`, `uid`, `sid`, `nid`, `data`, `note`, `status`, `time`, `ip`, `num`) VALUES
(65351, 1, 1430, '003', '000', '1', '插座设置', 0, '2016-03-29 21:35:18', '192.168.0.102', 0),
(65352, 1, 1430, '004', '000', '1', '电灯开关设置', 0, '2016-03-29 21:48:13', '192.168.0.102', 0),
(65353, 1, 1430, '004', '000', '0', '电灯开关设置', 0, '2016-03-29 21:51:12', '192.168.0.102', 0),
(65354, 1, 1430, '003', '000', '0', '插座设置', 0, '2016-03-30 18:05:12', '192.168.0.102', 0),
(65355, 1, 1430, '003', '000', '1', '插座设置', 0, '2016-03-30 18:05:14', '192.168.0.102', 0),
(65356, 1, 1430, '005', '000', '1', '电灯开关设置', 0, '2016-03-30 20:05:37', '192.168.0.102', 0),
(65357, 1, 1430, '004', '000', '0', '电灯开关设置', 0, '2016-03-30 20:10:35', '192.168.0.102', 0),
(65358, 1, 1430, '004', '000', '1', '电灯开关设置', 0, '2016-03-30 20:10:38', '192.168.0.102', 0),
(65359, 1, 1431, '003', '000', '1', '电灯开关设置', 0, '2016-04-06 00:50:44', '::1', 0),
(65360, 1, 1431, '004', '000', '1', '电灯开关设置', 0, '2016-04-06 00:51:24', '::1', 0),
(65361, 1, 1431, '003', '000', '0', '电灯开关设置', 0, '2016-04-06 22:30:10', '127.0.0.1', 0),
(65362, 1, 1431, '004', '000', '0', '电灯开关设置', 0, '2016-04-20 19:48:36', '127.0.0.1', 0),
(65363, 1, 1431, '004', '000', '1', '电灯开关设置', 0, '2016-04-20 19:48:57', '127.0.0.1', 0),
(65364, 1, 1431, '004', '000', '0', '电灯开关设置', 0, '2016-04-20 19:49:18', '127.0.0.1', 0),
(65365, 1, 1431, '003', '000', '1', '电灯开关设置', 0, '2016-04-20 19:49:39', '127.0.0.1', 0),
(65366, 1, 1431, '003', '000', '0', '电灯开关设置', 0, '2016-04-20 19:50:00', '127.0.0.1', 0),
(65367, 1, 1431, '006', '000', '1', '电灯开关设置', 0, '2016-04-20 19:51:26', '127.0.0.1', 0),
(65368, 1, 1431, '006', '000', '0', '电灯开关设置', 0, '2016-04-20 19:58:54', '127.0.0.1', 0),
(65369, 1, 1431, '006', '000', '1', '电灯开关设置', 0, '2016-04-20 19:59:15', '127.0.0.1', 0),
(65370, 1, 1431, '006', '000', '0', '电灯开关设置', 0, '2016-04-20 19:59:36', '127.0.0.1', 0),
(65371, 1, 1431, '006', '000', '1', '电灯开关设置', 0, '2016-04-20 19:59:57', '127.0.0.1', 0),
(65372, 1, 1431, '006', '000', '0', '电灯开关设置', 0, '2016-04-20 20:00:18', '127.0.0.1', 0),
(65373, 1, 1431, '006', '000', '1', '电灯开关设置', 0, '2016-04-20 20:00:39', '127.0.0.1', 0),
(65374, 1, 1431, '005', '000', '1', '电灯开关设置', 0, '2016-04-20 20:01:01', '127.0.0.1', 0),
(65375, 1, 1431, '005', '000', '0', '电灯开关设置', 0, '2016-04-20 20:01:22', '127.0.0.1', 0),
(65376, 1, 1431, '006', '000', '0', '电灯开关设置', 0, '2016-04-20 20:02:50', '127.0.0.1', 0),
(65377, 1, 1431, '006', '000', '1', '电灯开关设置', 0, '2016-04-20 20:03:11', '127.0.0.1', 0),
(65378, 1, 1431, '006', '000', '0', '电灯开关设置', 0, '2016-04-20 20:03:32', '127.0.0.1', 0),
(65379, 1, 1431, '006', '000', '1', '电灯开关设置', 0, '2016-04-20 20:03:53', '127.0.0.1', 0),
(65380, 1, 1431, '006', '000', '0', '电灯开关设置', 0, '2016-04-20 20:06:06', '127.0.0.1', 0),
(65381, 1, 1431, '003', '000', '1', '电灯开关设置', 0, '2016-04-20 20:06:34', '127.0.0.1', 0),
(65382, 1, 1431, '003', '000', '0', '电灯开关设置', 0, '2016-04-20 20:11:07', '127.0.0.1', 0),
(65383, 1, 1431, '003', '000', '1', '电灯开关设置', 0, '2016-04-20 20:11:09', '127.0.0.1', 0),
(65384, 1, 1431, '003', '000', '0', '电灯开关设置', 0, '2016-04-20 20:11:10', '127.0.0.1', 0),
(65385, 1, 1431, '003', '000', '1', '电灯开关设置', 0, '2016-04-20 20:11:10', '127.0.0.1', 0),
(65386, 1, 1431, '003', '000', '0', '电灯开关设置', 0, '2016-04-20 20:11:11', '127.0.0.1', 0),
(65387, 1, 1432, '003', '000', '1', '电灯开关设置', 0, '2016-04-20 20:33:09', '127.0.0.1', 0),
(65388, 1, 1432, '003', '000', '0', '电灯开关设置', 0, '2016-04-20 20:33:10', '127.0.0.1', 0),
(65389, 1, 1432, '003', '000', '1', '电灯开关设置', 0, '2016-04-20 20:33:11', '127.0.0.1', 0),
(65390, 1, 1432, '003', '000', '0', '电灯开关设置', 0, '2016-04-20 20:33:11', '127.0.0.1', 0),
(65391, 1, 1432, '003', '000', '1', '电灯开关设置', 0, '2016-04-20 20:33:27', '127.0.0.1', 0),
(65392, 1, 1432, '003', '000', '0', '电灯开关设置', 0, '2016-04-20 20:33:29', '127.0.0.1', 0),
(65393, 1, 1432, '003', '000', '1', '电灯开关设置', 0, '2016-04-20 20:33:29', '127.0.0.1', 0),
(65394, 1, 1432, '003', '000', '0', '电灯开关设置', 0, '2016-04-20 20:33:30', '127.0.0.1', 0),
(65395, 1, 1432, '003', '000', '1', '电灯开关设置', 0, '2016-04-20 20:33:31', '127.0.0.1', 0),
(65396, 1, 1432, '003', '000', '0', '电灯开关设置', 0, '2016-04-20 20:33:32', '127.0.0.1', 0),
(65397, 1, 1432, '003', '000', '1', '电灯开关设置', 0, '2016-04-20 20:33:40', '127.0.0.1', 0),
(65398, 1, 1432, '003', '000', '0', '电灯开关设置', 0, '2016-04-20 20:33:41', '127.0.0.1', 0),
(65399, 1, 1432, '003', '000', '1', '电灯开关设置', 0, '2016-04-20 20:33:59', '127.0.0.1', 0),
(65400, 1, 1432, '003', '000', '0', '电灯开关设置', 0, '2016-04-20 20:34:00', '127.0.0.1', 0),
(65401, 1, 1432, '003', '000', '1', '电灯开关设置', 0, '2016-04-20 20:34:01', '127.0.0.1', 0),
(65402, 1, 1432, '003', '000', '0', '电灯开关设置', 0, '2016-04-20 20:34:01', '127.0.0.1', 0),
(65403, 1, 1432, '003', '000', '1', '电灯开关设置', 0, '2016-04-20 20:34:05', '127.0.0.1', 0),
(65404, 1, 1432, '003', '000', '0', '电灯开关设置', 0, '2016-04-20 20:34:06', '127.0.0.1', 0),
(65405, 1, 1432, '004', '000', '1', '电灯开关设置', 0, '2016-04-20 20:34:27', '127.0.0.1', 0),
(65406, 1, 1432, '004', '000', '0', '电灯开关设置', 0, '2016-04-20 20:34:28', '127.0.0.1', 0),
(65407, 1, 1432, '003', '000', '1', '电灯开关设置', 0, '2016-04-20 20:35:07', '127.0.0.1', 0),
(65408, 1, 1432, '003', '000', '0', '电灯开关设置', 0, '2016-04-20 20:35:07', '127.0.0.1', 0),
(65409, 1, 1432, '003', '000', '1', '电灯开关设置', 0, '2016-04-20 20:35:08', '127.0.0.1', 0),
(65410, 1, 1432, '003', '000', '0', '电灯开关设置', 0, '2016-04-20 20:35:31', '127.0.0.1', 0),
(65411, 1, 1432, '003', '000', '1', '电灯开关设置', 0, '2016-04-20 20:35:32', '127.0.0.1', 0),
(65412, 1, 1432, '004', '000', '1', '电灯开关设置', 0, '2016-04-20 20:35:34', '127.0.0.1', 0),
(65413, 1, 1432, '004', '000', '0', '电灯开关设置', 0, '2016-04-20 20:35:34', '127.0.0.1', 0),
(65414, 1, 1432, '003', '000', '0', '电灯开关设置', 0, '2016-04-20 20:35:36', '127.0.0.1', 0),
(65415, 1, 1432, '003', '000', '1', '电灯开关设置', 0, '2016-04-20 20:35:37', '127.0.0.1', 0),
(65416, 1, 1432, '003', '000', '0', '电灯开关设置', 0, '2016-04-20 20:35:42', '127.0.0.1', 0),
(65417, 1, 1432, '003', '000', '1', '电灯开关设置', 0, '2016-04-20 20:35:43', '127.0.0.1', 0),
(65418, 1, 1432, '004', '000', '1', '电灯开关设置', 0, '2016-04-20 20:36:21', '127.0.0.1', 0),
(65419, 1, 1432, '005', '000', '1', '电灯开关设置', 0, '2016-04-20 20:39:12', '127.0.0.1', 0),
(65420, 1, 1432, '005', '000', '0', '电灯开关设置', 0, '2016-04-20 20:39:22', '127.0.0.1', 0),
(65421, 1, 1431, '003', '000', '1', '电灯开关设置', 0, '2016-04-20 20:53:31', '192.168.100.129', 0),
(65422, 1, 1431, '003', '000', '0', '电灯开关设置', 0, '2016-04-20 20:53:32', '192.168.100.129', 0),
(65423, 1, 1431, '004', '000', '1', '电灯开关设置', 0, '2016-04-20 20:53:50', '192.168.100.129', 0),
(65424, 1, 1431, '004', '000', '0', '电灯开关设置', 0, '2016-04-20 20:53:50', '192.168.100.129', 0),
(65425, 1, 1431, '006', '000', '1', '电灯开关设置', 0, '2016-04-20 20:53:51', '192.168.100.129', 0),
(65426, 1, 1431, '006', '000', '0', '电灯开关设置', 0, '2016-04-20 20:53:52', '192.168.100.129', 0),
(65427, 1, 1431, '005', '000', '1', '电灯开关设置', 0, '2016-04-20 20:53:52', '192.168.100.129', 0),
(65428, 1, 1431, '006', '000', '0', '电灯开关设置', 0, '2016-04-20 20:53:53', '192.168.100.129', 0),
(65429, 1, 1431, '005', '000', '0', '电灯开关设置', 0, '2016-04-20 20:53:54', '192.168.100.129', 0),
(65430, 1, 1431, '006', '000', '1', '电灯开关设置', 0, '2016-04-20 20:53:54', '192.168.100.129', 0),
(65431, 1, 1431, '004', '000', '1', '电灯开关设置', 0, '2016-04-20 20:53:55', '192.168.100.129', 0),
(65432, 1, 1431, '006', '000', '0', '电灯开关设置', 0, '2016-04-20 20:53:56', '192.168.100.129', 0),
(65433, 1, 1431, '004', '000', '0', '电灯开关设置', 0, '2016-04-20 20:53:56', '192.168.100.129', 0),
(65434, 1, 1431, '003', '000', '1', '电灯开关设置', 0, '2016-04-20 20:53:57', '192.168.100.129', 0),
(65435, 1, 1431, '005', '000', '1', '电灯开关设置', 0, '2016-04-20 20:53:58', '192.168.100.129', 0),
(65436, 1, 1431, '003', '000', '0', '电灯开关设置', 0, '2016-04-20 20:53:58', '192.168.100.129', 0),
(65437, 1, 1431, '004', '000', '1', '电灯开关设置', 0, '2016-04-20 20:53:59', '192.168.100.129', 0),
(65438, 1, 1431, '004', '000', '0', '电灯开关设置', 0, '2016-04-20 20:53:59', '192.168.100.129', 0),
(65439, 1, 1431, '005', '000', '0', '电灯开关设置', 0, '2016-04-20 20:54:00', '192.168.100.129', 0),
(65440, 1, 1431, '006', '000', '1', '电灯开关设置', 0, '2016-04-20 20:54:09', '192.168.100.129', 0),
(65441, 1, 1431, '005', '000', '1', '电灯开关设置', 0, '2016-04-20 20:54:11', '192.168.100.129', 0),
(65442, 1, 1431, '006', '000', '0', '电灯开关设置', 0, '2016-04-20 20:54:11', '192.168.100.129', 0),
(65443, 1, 1431, '005', '000', '0', '电灯开关设置', 0, '2016-04-20 20:54:12', '192.168.100.129', 0),
(65444, 1, 1431, '004', '000', '1', '电灯开关设置', 0, '2016-04-20 20:54:16', '192.168.100.129', 0),
(65445, 1, 1431, '004', '000', '0', '电灯开关设置', 0, '2016-04-20 20:54:17', '192.168.100.129', 0),
(65446, 1, 1431, '003', '000', '1', '电灯开关设置', 0, '2016-04-20 20:54:18', '192.168.100.129', 0),
(65447, 1, 1431, '003', '000', '0', '电灯开关设置', 0, '2016-04-20 20:54:19', '192.168.100.129', 0),
(65448, 1, 1431, '004', '000', '1', '电灯开关设置', 0, '2016-04-20 20:54:20', '192.168.100.129', 0),
(65449, 1, 1431, '004', '000', '1', '电灯开关设置', 0, '2016-04-20 20:54:20', '192.168.100.129', 0),
(65450, 1, 1431, '004', '000', '0', '电灯开关设置', 0, '2016-04-20 20:54:21', '192.168.100.129', 0),
(65451, 1, 1431, '006', '000', '1', '电灯开关设置', 0, '2016-04-20 20:54:22', '192.168.100.129', 0),
(65452, 1, 1431, '006', '000', '0', '电灯开关设置', 0, '2016-04-20 20:54:22', '192.168.100.129', 0),
(65453, 1, 1431, '005', '000', '1', '电灯开关设置', 0, '2016-04-20 20:54:23', '192.168.100.129', 0),
(65454, 1, 1431, '005', '000', '0', '电灯开关设置', 0, '2016-04-20 20:54:23', '192.168.100.129', 0),
(65455, 1, 1431, '004', '000', '1', '电灯开关设置', 0, '2016-04-20 20:54:25', '192.168.100.129', 0),
(65456, 1, 1431, '004', '000', '0', '电灯开关设置', 0, '2016-04-20 20:54:25', '192.168.100.129', 0),
(65457, 1, 1431, '003', '000', '1', '电灯开关设置', 0, '2016-04-20 20:54:26', '192.168.100.129', 0),
(65458, 1, 1431, '003', '000', '0', '电灯开关设置', 0, '2016-04-20 20:54:26', '192.168.100.129', 0),
(65459, 1, 1431, '003', '000', '1', '电灯开关设置', 0, '2016-04-20 20:55:16', '192.168.100.129', 0),
(65460, 1, 1431, '004', '000', '1', '电灯开关设置', 0, '2016-04-20 20:55:16', '192.168.100.129', 0),
(65461, 1, 1431, '003', '000', '0', '电灯开关设置', 0, '2016-04-20 20:55:17', '192.168.100.129', 0),
(65462, 1, 1431, '004', '000', '0', '电灯开关设置', 0, '2016-04-20 20:55:17', '192.168.100.129', 0),
(65463, 1, 1431, '005', '000', '1', '电灯开关设置', 0, '2016-04-20 20:55:23', '192.168.100.129', 0),
(65464, 1, 1431, '006', '000', '1', '电灯开关设置', 0, '2016-04-20 20:55:24', '192.168.100.129', 0),
(65465, 1, 1431, '005', '000', '0', '电灯开关设置', 0, '2016-04-20 20:55:25', '192.168.100.129', 0),
(65466, 1, 1431, '006', '000', '0', '电灯开关设置', 0, '2016-04-20 20:55:25', '192.168.100.129', 0),
(65467, 1, 1431, '005', '000', '1', '电灯开关设置', 0, '2016-04-20 20:55:30', '192.168.100.129', 0),
(65468, 1, 1431, '003', '000', '1', '电灯开关设置', 0, '2016-04-20 20:55:30', '192.168.100.129', 0),
(65469, 1, 1431, '004', '000', '1', '电灯开关设置', 0, '2016-04-20 20:55:31', '192.168.100.129', 0),
(65470, 1, 1431, '006', '000', '1', '电灯开关设置', 0, '2016-04-20 20:55:31', '192.168.100.129', 0),
(65471, 1, 1431, '005', '000', '0', '电灯开关设置', 0, '2016-04-20 20:55:32', '192.168.100.129', 0),
(65472, 1, 1431, '003', '000', '0', '电灯开关设置', 0, '2016-04-20 20:55:32', '192.168.100.129', 0),
(65473, 1, 1431, '004', '000', '0', '电灯开关设置', 0, '2016-04-20 20:55:33', '192.168.100.129', 0),
(65474, 1, 1431, '006', '000', '0', '电灯开关设置', 0, '2016-04-20 20:55:34', '192.168.100.129', 0),
(65475, 1, 1431, '005', '000', '1', '电灯开关设置', 0, '2016-04-20 20:55:48', '192.168.100.129', 0),
(65476, 1, 1431, '003', '000', '1', '电灯开关设置', 0, '2016-04-20 20:55:49', '192.168.100.129', 0),
(65477, 1, 1431, '004', '000', '1', '电灯开关设置', 0, '2016-04-20 20:55:50', '192.168.100.129', 0),
(65478, 1, 1431, '006', '000', '1', '电灯开关设置', 0, '2016-04-20 20:55:50', '192.168.100.129', 0),
(65479, 1, 1431, '006', '000', '0', '电灯开关设置', 0, '2016-04-20 20:55:51', '192.168.100.129', 0),
(65480, 1, 1431, '005', '000', '0', '电灯开关设置', 0, '2016-04-20 20:55:51', '192.168.100.129', 0),
(65481, 1, 1431, '003', '000', '0', '电灯开关设置', 0, '2016-04-20 20:55:53', '192.168.100.129', 0),
(65482, 1, 1431, '004', '000', '0', '电灯开关设置', 0, '2016-04-20 20:55:54', '192.168.100.129', 0),
(65483, 1, 1431, '006', '000', '1', '电灯开关设置', 0, '2016-04-20 20:55:55', '192.168.100.129', 0),
(65484, 1, 1431, '004', '000', '0', '电灯开关设置', 0, '2016-04-20 20:55:55', '192.168.100.129', 0),
(65485, 1, 1431, '006', '000', '0', '电灯开关设置', 0, '2016-04-20 20:55:56', '192.168.100.129', 0),
(65486, 1, 1431, '004', '000', '1', '电灯开关设置', 0, '2016-04-20 20:56:10', '192.168.100.129', 0),
(65487, 1, 1431, '004', '000', '0', '电灯开关设置', 0, '2016-04-20 20:57:01', '192.168.100.129', 0),
(65488, 1, 1431, '004', '000', '1', '电灯开关设置', 0, '2016-04-20 20:57:01', '192.168.100.129', 0),
(65489, 1, 1431, '006', '000', '1', '电灯开关设置', 0, '2016-04-20 20:57:02', '192.168.100.129', 0),
(65490, 1, 1431, '006', '000', '0', '电灯开关设置', 0, '2016-04-20 20:57:03', '192.168.100.129', 0),
(65491, 1, 1431, '004', '000', '0', '电灯开关设置', 0, '2016-04-20 20:57:04', '192.168.100.129', 0),
(65492, 1, 1431, '003', '000', '1', '电灯开关设置', 0, '2016-04-20 20:57:05', '192.168.100.129', 0),
(65493, 1, 1431, '003', '000', '0', '电灯开关设置', 0, '2016-04-20 20:57:05', '192.168.100.129', 0),
(65494, 1, 1431, '005', '000', '1', '电灯开关设置', 0, '2016-04-20 20:57:07', '192.168.100.129', 0),
(65495, 1, 1431, '005', '000', '0', '电灯开关设置', 0, '2016-04-20 20:57:08', '192.168.100.129', 0),
(65496, 1, 1431, '003', '000', '1', '电灯开关设置', 0, '2016-04-20 20:57:09', '192.168.100.129', 0),
(65497, 1, 1431, '003', '000', '0', '电灯开关设置', 0, '2016-04-20 20:57:09', '192.168.100.129', 0),
(65498, 1, 1431, '004', '000', '1', '电灯开关设置', 0, '2016-04-20 20:58:08', '192.168.100.129', 0),
(65499, 1, 1431, '004', '000', '0', '电灯开关设置', 0, '2016-04-20 20:58:08', '192.168.100.129', 0),
(65500, 1, 1431, '003', '000', '1', '电灯开关设置', 0, '2016-04-20 20:58:09', '192.168.100.129', 0),
(65501, 1, 1431, '003', '000', '0', '电灯开关设置', 0, '2016-04-20 20:58:10', '192.168.100.129', 0),
(65502, 1, 1431, '004', '000', '1', '电灯开关设置', 0, '2016-04-20 20:58:11', '192.168.100.129', 0),
(65503, 1, 1431, '004', '000', '0', '电灯开关设置', 0, '2016-04-20 20:58:11', '192.168.100.129', 0),
(65504, 1, 1431, '004', '000', '1', '电灯开关设置', 0, '2016-04-20 20:58:12', '192.168.100.129', 0),
(65505, 1, 1431, '004', '000', '0', '电灯开关设置', 0, '2016-04-20 20:58:12', '192.168.100.129', 0),
(65506, 1, 1431, '005', '000', '1', '电灯开关设置', 0, '2016-04-20 20:58:13', '192.168.100.129', 0),
(65507, 1, 1431, '005', '000', '0', '电灯开关设置', 0, '2016-04-20 20:58:13', '192.168.100.129', 0),
(65508, 1, 1431, '006', '000', '1', '电灯开关设置', 0, '2016-04-20 20:58:14', '192.168.100.129', 0),
(65509, 1, 1431, '006', '000', '0', '电灯开关设置', 0, '2016-04-20 20:58:15', '192.168.100.129', 0),
(65510, 1, 1431, '004', '000', '1', '电灯开关设置', 0, '2016-04-20 21:06:25', '192.168.100.129', 0),
(65511, 1, 1431, '004', '000', '0', '电灯开关设置', 0, '2016-04-20 21:06:25', '192.168.100.129', 0),
(65512, 1, 1431, '004', '000', '1', '电灯开关设置', 0, '2016-04-20 21:06:26', '192.168.100.129', 0),
(65513, 1, 1431, '004', '000', '0', '电灯开关设置', 0, '2016-04-20 21:06:27', '192.168.100.129', 0),
(65514, 1, 1431, '006', '000', '1', '电灯开关设置', 0, '2016-04-20 21:06:28', '192.168.100.129', 0),
(65515, 1, 1431, '006', '000', '0', '电灯开关设置', 0, '2016-04-20 21:06:28', '192.168.100.129', 0),
(65516, 1, 1431, '005', '000', '1', '电灯开关设置', 0, '2016-04-20 21:06:29', '192.168.100.129', 0),
(65517, 1, 1431, '005', '000', '0', '电灯开关设置', 0, '2016-04-20 21:06:30', '192.168.100.129', 0),
(65518, 1, 1431, '003', '000', '1', '电灯开关设置', 0, '2016-04-20 21:06:31', '192.168.100.129', 0),
(65519, 1, 1431, '003', '000', '0', '电灯开关设置', 0, '2016-04-20 21:06:32', '192.168.100.129', 0),
(65520, 1, 1431, '004', '000', '1', '电灯开关设置', 0, '2016-04-20 21:06:32', '192.168.100.129', 0),
(65521, 1, 1431, '004', '000', '0', '电灯开关设置', 0, '2016-04-20 21:06:33', '192.168.100.129', 0),
(65522, 1, 1431, '006', '000', '1', '电灯开关设置', 0, '2016-04-20 21:06:34', '192.168.100.129', 0),
(65523, 1, 1431, '006', '000', '0', '电灯开关设置', 0, '2016-04-20 21:06:35', '192.168.100.129', 0),
(65524, 1, 1431, '005', '000', '1', '电灯开关设置', 0, '2016-04-20 21:06:36', '192.168.100.129', 0),
(65525, 1, 1431, '005', '000', '0', '电灯开关设置', 0, '2016-04-20 21:06:37', '192.168.100.129', 0),
(65526, 1, 1431, '005', '000', '1', '电灯开关设置', 0, '2016-04-20 21:06:59', '192.168.100.122', 0),
(65527, 1, 1431, '005', '000', '0', '电灯开关设置', 0, '2016-04-20 21:07:00', '192.168.100.122', 0),
(65528, 1, 1431, '004', '000', '1', '电灯开关设置', 0, '2016-04-20 21:11:04', '192.168.100.122', 0),
(65529, 1, 1431, '004', '000', '0', '电灯开关设置', 0, '2016-04-20 21:11:04', '192.168.100.122', 0),
(65530, 1, 1431, '003', '000', '1', '电灯开关设置', 0, '2016-04-20 21:15:19', '192.168.100.129', 0),
(65531, 1, 1431, '003', '000', '0', '电灯开关设置', 0, '2016-04-20 21:15:20', '192.168.100.129', 0),
(65532, 1, 1431, '003', '000', '1', '电灯开关设置', 0, '2016-04-20 21:15:27', '192.168.100.129', 0),
(65533, 1, 1431, '003', '000', '0', '电灯开关设置', 0, '2016-04-20 21:15:28', '192.168.100.129', 0),
(65534, 1, 1431, '003', '000', '1', '电灯开关设置', 0, '2016-04-20 21:15:38', '192.168.100.129', 0),
(65535, 1, 1431, '004', '000', '1', '电灯开关设置', 0, '2016-04-20 21:15:39', '192.168.100.129', 0),
(65536, 1, 1431, '003', '000', '0', '电灯开关设置', 0, '2016-04-20 21:15:40', '192.168.100.129', 0),
(65537, 1, 1431, '004', '000', '0', '电灯开关设置', 0, '2016-04-20 21:15:40', '192.168.100.129', 0),
(65538, 1, 1431, '004', '000', '1', '电灯开关设置', 0, '2016-04-20 21:15:44', '192.168.100.129', 0),
(65539, 1, 1431, '003', '000', '1', '电灯开关设置', 0, '2016-04-20 21:15:45', '192.168.100.129', 0),
(65540, 1, 1431, '004', '000', '0', '电灯开关设置', 0, '2016-04-20 21:15:46', '192.168.100.129', 0),
(65541, 1, 1431, '003', '000', '0', '电灯开关设置', 0, '2016-04-20 21:15:49', '192.168.100.129', 0),
(65542, 1, 1431, '004', '000', '1', '电灯开关设置', 0, '2016-04-20 21:15:50', '192.168.100.129', 0),
(65543, 1, 1431, '003', '000', '1', '电灯开关设置', 0, '2016-04-20 21:15:51', '192.168.100.129', 0),
(65544, 1, 1431, '004', '000', '0', '电灯开关设置', 0, '2016-04-20 21:15:51', '192.168.100.129', 0),
(65545, 1, 1431, '003', '000', '0', '电灯开关设置', 0, '2016-04-20 21:15:52', '192.168.100.129', 0),
(65546, 1, 1431, '004', '000', '1', '电灯开关设置', 0, '2016-04-20 21:15:52', '192.168.100.129', 0),
(65547, 1, 1431, '004', '000', '0', '电灯开关设置', 0, '2016-04-20 21:15:53', '192.168.100.129', 0),
(65548, 1, 1431, '003', '000', '1', '电灯开关设置', 0, '2016-04-20 21:15:55', '192.168.100.129', 0),
(65549, 1, 1431, '004', '000', '1', '电灯开关设置', 0, '2016-04-20 21:15:55', '192.168.100.129', 0),
(65550, 1, 1431, '004', '000', '0', '电灯开关设置', 0, '2016-04-20 21:34:38', '192.168.100.129', 0),
(65551, 1, 1431, '004', '000', '1', '电灯开关设置', 0, '2016-04-20 21:34:39', '192.168.100.129', 0),
(65552, 1, 1431, '003', '000', '0', '电灯开关设置', 0, '2016-04-20 21:34:40', '192.168.100.129', 0),
(65553, 1, 1431, '003', '000', '1', '电灯开关设置', 0, '2016-04-20 21:34:40', '192.168.100.129', 0),
(65554, 1, 1431, '006', '000', '1', '电灯开关设置', 0, '2016-04-20 21:34:41', '192.168.100.129', 0),
(65555, 1, 1431, '005', '000', '1', '电灯开关设置', 0, '2016-04-20 21:34:43', '192.168.100.129', 0),
(65556, 1, 1431, '006', '000', '0', '电灯开关设置', 0, '2016-04-20 21:34:43', '192.168.100.129', 0),
(65557, 1, 1431, '005', '000', '0', '电灯开关设置', 0, '2016-04-20 21:34:44', '192.168.100.129', 0),
(65558, 1, 1431, '003', '000', '0', '电灯开关设置', 0, '2016-04-20 21:34:45', '192.168.100.129', 0),
(65559, 1, 1431, '004', '000', '0', '电灯开关设置', 0, '2016-04-20 21:34:45', '192.168.100.129', 0),
(65560, 1, 1431, '003', '000', '1', '电灯开关设置', 0, '2016-04-20 21:34:46', '192.168.100.129', 0),
(65561, 1, 1431, '004', '000', '1', '电灯开关设置', 0, '2016-04-20 21:34:47', '192.168.100.129', 0),
(65562, 1, 1431, '006', '000', '1', '电灯开关设置', 0, '2016-04-20 21:34:47', '192.168.100.129', 0),
(65563, 1, 1431, '005', '000', '1', '电灯开关设置', 0, '2016-04-20 21:34:48', '192.168.100.129', 0),
(65564, 1, 1431, '006', '000', '0', '电灯开关设置', 0, '2016-04-20 21:34:49', '192.168.100.129', 0),
(65565, 1, 1431, '003', '000', '0', '电灯开关设置', 0, '2016-04-20 21:34:49', '192.168.100.129', 0),
(65566, 1, 1431, '004', '000', '0', '电灯开关设置', 0, '2016-04-20 21:34:50', '192.168.100.129', 0),
(65567, 1, 1431, '005', '000', '0', '电灯开关设置', 0, '2016-04-20 21:34:51', '192.168.100.129', 0),
(65568, 1, 1431, '006', '000', '1', '电灯开关设置', 0, '2016-04-20 21:34:51', '192.168.100.129', 0),
(65569, 1, 1431, '003', '000', '1', '电灯开关设置', 0, '2016-04-20 21:34:52', '192.168.100.129', 0),
(65570, 1, 1431, '004', '000', '1', '电灯开关设置', 0, '2016-04-20 21:34:52', '192.168.100.129', 0),
(65571, 1, 1431, '006', '000', '0', '电灯开关设置', 0, '2016-04-20 21:34:53', '192.168.100.129', 0),
(65572, 1, 1431, '005', '000', '1', '电灯开关设置', 0, '2016-04-20 21:34:54', '192.168.100.129', 0),
(65573, 1, 1431, '006', '000', '1', '电灯开关设置', 0, '2016-04-20 21:34:55', '192.168.100.129', 0),
(65574, 1, 1431, '005', '000', '0', '电灯开关设置', 0, '2016-04-20 21:34:56', '192.168.100.129', 0),
(65575, 1, 1431, '003', '000', '0', '电灯开关设置', 0, '2016-04-20 21:34:56', '192.168.100.129', 0),
(65576, 1, 1431, '004', '000', '0', '电灯开关设置', 0, '2016-04-20 21:34:57', '192.168.100.129', 0),
(65577, 1, 1431, '003', '000', '1', '电灯开关设置', 0, '2016-04-20 21:34:57', '192.168.100.129', 0),
(65578, 1, 1431, '004', '000', '1', '电灯开关设置', 0, '2016-04-20 21:34:58', '192.168.100.129', 0),
(65579, 1, 1431, '005', '000', '1', '电灯开关设置', 0, '2016-04-20 21:35:14', '192.168.100.129', 0),
(65580, 1, 1431, '005', '000', '0', '电灯开关设置', 0, '2016-04-20 21:35:14', '192.168.100.129', 0),
(65581, 1, 1431, '003', '000', '0', '电灯开关设置', 0, '2016-04-20 21:35:15', '192.168.100.129', 0),
(65582, 1, 1431, '003', '000', '1', '电灯开关设置', 0, '2016-04-20 21:35:16', '192.168.100.129', 0),
(65583, 1, 1431, '005', '000', '1', '电灯开关设置', 0, '2016-04-20 21:35:17', '192.168.100.129', 0),
(65584, 1, 1431, '006', '000', '0', '电灯开关设置', 0, '2016-04-20 21:35:17', '192.168.100.129', 0),
(65585, 1, 1431, '004', '000', '0', '电灯开关设置', 0, '2016-04-20 21:35:18', '192.168.100.129', 0),
(65586, 1, 1431, '004', '000', '1', '电灯开关设置', 0, '2016-04-20 21:35:19', '192.168.100.129', 0),
(65587, 1, 1431, '003', '000', '0', '电灯开关设置', 0, '2016-04-20 21:35:20', '192.168.100.129', 0),
(65588, 1, 1431, '005', '000', '0', '电灯开关设置', 0, '2016-04-20 21:35:21', '192.168.100.129', 0),
(65589, 1, 1431, '006', '000', '1', '电灯开关设置', 0, '2016-04-20 21:35:22', '192.168.100.129', 0),
(65590, 1, 1431, '004', '000', '0', '电灯开关设置', 0, '2016-04-20 21:48:21', '127.0.0.1', 0),
(65591, 1, 1431, '006', '000', '0', '电灯开关设置', 0, '2016-04-23 21:34:20', '171.16.1.103', 0),
(65592, 1, 1431, '006', '000', '1', '电灯开关设置', 0, '2016-04-23 21:34:21', '171.16.1.103', 0),
(65593, 1, 1431, '006', '000', '0', '电灯开关设置', 0, '2016-04-23 21:34:21', '171.16.1.103', 0),
(65594, 1, 1431, '006', '000', '1', '电灯开关设置', 0, '2016-04-23 21:34:22', '171.16.1.103', 0),
(65595, 1, 1431, '005', '000', '1', '电灯开关设置', 0, '2016-04-23 21:34:23', '171.16.1.103', 0),
(65596, 1, 1431, '005', '000', '0', '电灯开关设置', 0, '2016-04-23 21:34:23', '171.16.1.103', 0),
(65597, 1, 1431, '004', '000', '1', '电灯开关设置', 0, '2016-04-23 21:34:24', '171.16.1.103', 0),
(65598, 1, 1431, '006', '000', '0', '电灯开关设置', 0, '2016-04-23 21:34:25', '171.16.1.103', 0),
(65599, 1, 1431, '004', '000', '0', '电灯开关设置', 0, '2016-04-23 21:34:26', '171.16.1.103', 0),
(65600, 1, 1431, '006', '000', '1', '电灯开关设置', 0, '2016-04-23 21:34:26', '171.16.1.103', 0),
(65601, 1, 1431, '005', '000', '1', '电灯开关设置', 0, '2016-04-23 21:34:27', '171.16.1.103', 0),
(65602, 1, 1431, '006', '000', '0', '电灯开关设置', 0, '2016-04-23 21:34:28', '171.16.1.103', 0),
(65603, 1, 1431, '006', '000', '1', '电灯开关设置', 0, '2016-04-23 21:34:28', '171.16.1.103', 0),
(65604, 1, 1431, '005', '000', '0', '电灯开关设置', 0, '2016-04-23 21:34:29', '171.16.1.103', 0),
(65605, 1, 1431, '004', '000', '1', '电灯开关设置', 0, '2016-04-23 21:34:29', '171.16.1.103', 0),
(65606, 1, 1431, '006', '000', '0', '电灯开关设置', 0, '2016-04-23 21:34:30', '171.16.1.103', 0),
(65607, 1, 1431, '004', '000', '0', '电灯开关设置', 0, '2016-04-23 21:34:30', '171.16.1.103', 0),
(65608, 1, 1431, '006', '000', '1', '电灯开关设置', 0, '2016-04-23 21:34:31', '171.16.1.103', 0),
(65609, 1, 1431, '006', '000', '0', '电灯开关设置', 0, '2016-04-23 21:34:32', '171.16.1.103', 0),
(65610, 1, 1431, '004', '000', '1', '电灯开关设置', 0, '2016-04-23 21:34:32', '171.16.1.103', 0),
(65611, 1, 1431, '004', '000', '0', '电灯开关设置', 0, '2016-04-24 09:31:57', '192.168.100.122', 0),
(65612, 1, 1431, '004', '000', '1', '电灯开关设置', 0, '2016-04-24 09:31:58', '192.168.100.122', 0),
(65613, 1, 1431, '003', '000', '1', '电灯开关设置', 0, '2016-04-24 09:39:04', '192.168.100.122', 0),
(65614, 1, 1431, '003', '000', '0', '电灯开关设置', 0, '2016-04-24 09:39:04', '192.168.100.122', 0),
(65615, 1, 1431, '004', '000', '0', '电灯开关设置', 0, '2016-04-24 09:39:06', '192.168.100.122', 0),
(65616, 1, 1431, '004', '000', '1', '电灯开关设置', 0, '2016-04-24 09:39:07', '192.168.100.122', 0),
(65617, 1, 1436, '003', '000', '1', '电灯开关设置', 0, '2016-04-24 10:57:02', '127.0.0.1', 0),
(65618, 1, 1436, '003', '000', '0', '电灯开关设置', 0, '2016-04-24 10:57:02', '127.0.0.1', 0),
(65619, 1, 1436, '003', '000', '1', '电灯开关设置', 0, '2016-04-24 10:57:03', '127.0.0.1', 0),
(65620, 1, 1436, '003', '000', '0', '电灯开关设置', 0, '2016-04-24 10:57:04', '127.0.0.1', 0),
(65621, 1, 1431, '004', '000', '0', '电灯开关设置', 0, '2016-04-24 11:00:00', '192.168.100.122', 0),
(65622, 1, 1431, '004', '000', '1', '电灯开关设置', 0, '2016-04-24 11:00:00', '192.168.100.122', 0),
(65623, 1, 1431, '004', '000', '0', '电灯开关设置', 0, '2016-04-24 11:00:28', '192.168.100.122', 0),
(65624, 1, 1431, '003', '000', '1', '电灯开关设置', 0, '2016-04-30 09:55:20', '127.0.0.1', 0),
(65625, 1, 1431, '003', '000', '0', '电灯开关设置', 0, '2016-04-30 09:55:20', '127.0.0.1', 0),
(65626, 1, 1431, '003', '000', '1', '电灯开关设置', 0, '2016-04-30 09:55:22', '127.0.0.1', 0),
(65627, 1, 1431, '003', '000', '0', '电灯开关设置', 0, '2016-04-30 09:55:24', '127.0.0.1', 0),
(65628, 1, 1431, '003', '000', '0', '电灯开关设置', 0, '2016-04-30 09:55:24', '127.0.0.1', 0),
(65629, 1, 1431, '004', '000', '1', '电灯开关设置', 0, '2016-04-30 09:55:26', '127.0.0.1', 0),
(65630, 1, 1431, '004', '000', '0', '电灯开关设置', 0, '2016-04-30 09:55:26', '127.0.0.1', 0),
(65631, 1, 1431, '005', '000', '1', '电灯开关设置', 0, '2016-04-30 09:55:28', '127.0.0.1', 0),
(65632, 1, 1431, '005', '000', '0', '电灯开关设置', 0, '2016-04-30 09:55:29', '127.0.0.1', 0);

/*!40101 SET CHARACTER_SET_CLIENT=@OLD_CHARACTER_SET_CLIENT */;
/*!40101 SET CHARACTER_SET_RESULTS=@OLD_CHARACTER_SET_RESULTS */;
/*!40101 SET COLLATION_CONNECTION=@OLD_COLLATION_CONNECTION */;
